source,scenario,scenario_label,sex,sex_label,metric,series,period,deaths,lwr,upr,projection_zone
Observed,NA,NA,M,Male,mortality,Observed,1998,1030.169275211315,NA,NA,historical
Observed,NA,NA,M,Male,mortality,Observed,1999,979.0024978379087,NA,NA,historical
Observed,NA,NA,M,Male,mortality,Observed,2000,1001.4707618175654,NA,NA,historical
Observed,NA,NA,M,Male,mortality,Observed,2001,1026.1700169256776,NA,NA,historical
Observed,NA,NA,M,Male,mortality,Observed,2002,1018.0355609326995,NA,NA,historical
Observed,NA,NA,M,Male,mortality,Observed,2003,1007.6646618873241,NA,NA,historical
Observed,NA,NA,M,Male,mortality,Observed,2004,922.1719108638414,NA,NA,historical
Observed,NA,NA,M,Male,mortality,Observed,2005,982.0076681037764,NA,NA,historical
Observed,NA,NA,M,Male,mortality,Observed,2006,974.1039876146814,NA,NA,historical
Observed,NA,NA,M,Male,mortality,Observed,2007,963.0576843945113,NA,NA,historical
Observed,NA,NA,M,Male,mortality,Observed,2008,970.8161062234826,NA,NA,historical
Observed,NA,NA,M,Male,mortality,Observed,2009,1005.3330549918593,NA,NA,historical
Observed,NA,NA,M,Male,mortality,Observed,2010,987.1821052686853,NA,NA,historical
Observed,NA,NA,M,Male,mortality,Observed,2011,951.9734808094584,NA,NA,historical
Observed,NA,NA,M,Male,mortality,Observed,2012,916.6940899975284,NA,NA,historical
Observed,NA,NA,M,Male,mortality,Observed,2013,945.6654802302935,NA,NA,historical
Observed,NA,NA,M,Male,mortality,Observed,2014,999.5483307620694,NA,NA,historical
Observed,NA,NA,M,Male,mortality,Observed,2015,961.0413655737705,NA,NA,historical
Observed,NA,NA,M,Male,mortality,Observed,2016,942.5469348571947,NA,NA,historical
Observed,NA,NA,M,Male,mortality,Observed,2017,941.0188610447082,NA,NA,historical
Observed,NA,NA,M,Male,mortality,Observed,2018,966.102884589516,NA,NA,historical
Observed,NA,NA,M,Male,mortality,Observed,2019,984.5766466693726,NA,NA,historical
Observed,NA,NA,M,Male,mortality,Observed,2020,896.3883038989992,NA,NA,historical
Observed,NA,NA,M,Male,mortality,Observed,2021,844.6173712889961,NA,NA,historical
Observed,NA,NA,M,Male,mortality,Observed,2022,865.1182384057373,NA,NA,historical
Observed,NA,NA,F,Female,mortality,Observed,1998,156.00763139237534,NA,NA,historical
Observed,NA,NA,F,Female,mortality,Observed,1999,141.81107823804294,NA,NA,historical
Observed,NA,NA,F,Female,mortality,Observed,2000,160.80220878678006,NA,NA,historical
Observed,NA,NA,F,Female,mortality,Observed,2001,161.18594333287552,NA,NA,historical
Observed,NA,NA,F,Female,mortality,Observed,2002,167.07917165023477,NA,NA,historical
Observed,NA,NA,F,Female,mortality,Observed,2003,194.28846936638598,NA,NA,historical
Observed,NA,NA,F,Female,mortality,Observed,2004,195.5593864773125,NA,NA,historical
Observed,NA,NA,F,Female,mortality,Observed,2005,187.15857721580437,NA,NA,historical
Observed,NA,NA,F,Female,mortality,Observed,2006,181.8941942000493,NA,NA,historical
Observed,NA,NA,F,Female,mortality,Observed,2007,216.56372497405175,NA,NA,historical
Observed,NA,NA,F,Female,mortality,Observed,2008,263.20210970537886,NA,NA,historical
Observed,NA,NA,F,Female,mortality,Observed,2009,224.89010375157352,NA,NA,historical
Observed,NA,NA,F,Female,mortality,Observed,2010,252.574024285683,NA,NA,historical
Observed,NA,NA,F,Female,mortality,Observed,2011,258.101622732492,NA,NA,historical
Observed,NA,NA,F,Female,mortality,Observed,2012,263.6382413533734,NA,NA,historical
Observed,NA,NA,F,Female,mortality,Observed,2013,292.8110800745194,NA,NA,historical
Observed,NA,NA,F,Female,mortality,Observed,2014,324.41223666976407,NA,NA,historical
Observed,NA,NA,F,Female,mortality,Observed,2015,350.9546048526938,NA,NA,historical
Observed,NA,NA,F,Female,mortality,Observed,2016,367.99181117696855,NA,NA,historical
Observed,NA,NA,F,Female,mortality,Observed,2017,322.7246348628091,NA,NA,historical
Observed,NA,NA,F,Female,mortality,Observed,2018,370.5102065279376,NA,NA,historical
Observed,NA,NA,F,Female,mortality,Observed,2019,417.11735441584267,NA,NA,historical
Observed,NA,NA,F,Female,mortality,Observed,2020,424.79499232435825,NA,NA,historical
Observed,NA,NA,F,Female,mortality,Observed,2021,401.8325356146901,NA,NA,historical
Observed,NA,NA,F,Female,mortality,Observed,2022,395.7800057384242,NA,NA,historical
Projected,up1pc,Up 1% p.a.,M,Male,mortality,SBAPC,2022,876.7743098558224,802.0083947015607,954.1212306715307,historical
Projected,up1pc,Up 1% p.a.,M,Male,mortality,SBAPC,2023,872.5620343638317,797.0558155227753,952.8833076756779,credible
Projected,up1pc,Up 1% p.a.,M,Male,mortality,SBAPC,2024,872.0728827184461,794.1385278741651,955.3890551106919,credible
Projected,up1pc,Up 1% p.a.,M,Male,mortality,SBAPC,2025,865.4048915897932,785.4725920497061,951.2413413870805,credible
Projected,up1pc,Up 1% p.a.,M,Male,mortality,SBAPC,2026,858.1579490884588,775.9998959137811,946.786926638648,credible
Projected,up1pc,Up 1% p.a.,M,Male,mortality,SBAPC,2027,851.0287910230012,766.3687739945885,942.7665308206515,credible
Projected,up1pc,Up 1% p.a.,M,Male,mortality,SBAPC,2028,845.0852040719194,757.5098469908203,940.4070770511734,credible
Projected,up1pc,Up 1% p.a.,M,Male,mortality,SBAPC,2029,839.8070097536837,748.9842446848842,939.1019915095128,credible
Projected,up1pc,Up 1% p.a.,M,Male,mortality,SBAPC,2030,834.7998752414578,740.5033742658593,938.3380932590344,credible
Projected,up1pc,Up 1% p.a.,M,Male,mortality,SBAPC,2031,830.48597394945,732.47019616987,938.5690482769063,caution
Projected,up1pc,Up 1% p.a.,M,Male,mortality,SBAPC,2032,827.3835481510831,725.3364750385867,940.4083152005177,caution
Projected,up1pc,Up 1% p.a.,M,Male,mortality,SBAPC,2033,825.3504198209328,719.0201098515136,943.6550720577845,caution
Projected,up1pc,Up 1% p.a.,M,Male,mortality,SBAPC,2034,823.6922519434243,712.9709220389431,947.4573553575733,caution
Projected,up1pc,Up 1% p.a.,M,Male,mortality,SBAPC,2035,822.377144084352,707.1964742685007,951.7403756433561,caution
Projected,up1pc,Up 1% p.a.,M,Male,mortality,SBAPC,2036,822.0580623151127,702.2658960333728,957.2606701963024,caution
Projected,up1pc,Up 1% p.a.,M,Male,mortality,SBAPC,2037,822.9989648935573,698.4042625645428,964.3322383471499,caution
Projected,up1pc,Up 1% p.a.,M,Male,mortality,SBAPC,2038,824.860561042672,695.3468547827607,972.5213863696255,caution
Projected,up1pc,Up 1% p.a.,M,Male,mortality,SBAPC,2039,827.6451985932034,693.1068177722636,981.8191602552191,caution
Projected,up1pc,Up 1% p.a.,M,Male,mortality,SBAPC,2040,831.4883206406021,691.8006763514176,992.3890501028751,risky
Projected,up1pc,Up 1% p.a.,M,Male,mortality,SBAPC,2041,836.2058472338074,691.2753438434561,1004.0213592472329,risky
Projected,up1pc,Up 1% p.a.,M,Male,mortality,SBAPC,2042,841.605496084953,691.3733241964834,1016.4930827523132,risky
Projected,up1pc,Up 1% p.a.,M,Male,mortality,SBAPC,2043,847.8860893291297,692.2593849407815,1030.0508918622872,risky
Projected,up1pc,Up 1% p.a.,M,Male,mortality,SBAPC,2044,854.7381966479406,693.6893444566882,1044.3124801848803,risky
Projected,up1pc,Up 1% p.a.,M,Male,mortality,SBAPC,2045,861.6400059575097,695.2636566519549,1058.586569851272,risky
Projected,up1pc,Up 1% p.a.,M,Male,mortality,SBAPC,2046,869.0499269897782,697.3565010738289,1073.4212449364595,risky
Projected,up1pc,Up 1% p.a.,M,Male,mortality,SBAPC,2047,877.3000793264123,700.2253044423803,1089.2418240216393,risky
Projected,up1pc,Up 1% p.a.,M,Male,mortality,SBAPC,2048,886.28488967418,703.7766032681469,1105.9184093456727,risky
Projected,up1pc,Up 1% p.a.,F,Female,mortality,SBAPC,2022,409.9111873751078,356.28570582105675,467.7310455569278,historical
Projected,up1pc,Up 1% p.a.,F,Female,mortality,SBAPC,2023,422.7798762714633,366.96002896994617,485.68936023663207,credible
Projected,up1pc,Up 1% p.a.,F,Female,mortality,SBAPC,2024,437.00135386670485,377.63631033654326,504.4372097863727,credible
Projected,up1pc,Up 1% p.a.,F,Female,mortality,SBAPC,2025,445.92412988389214,383.83387090969615,516.9007151607423,credible
Projected,up1pc,Up 1% p.a.,F,Female,mortality,SBAPC,2026,453.6028407685348,388.96493384729104,527.9144116808864,credible
Projected,up1pc,Up 1% p.a.,F,Female,mortality,SBAPC,2027,460.8633301691294,393.71223914691944,538.4870090533758,credible
Projected,up1pc,Up 1% p.a.,F,Female,mortality,SBAPC,2028,468.6599090661673,398.80363658121166,549.8776143569693,credible
Projected,up1pc,Up 1% p.a.,F,Female,mortality,SBAPC,2029,476.55553198849026,403.847041154877,561.6151954635797,credible
Projected,up1pc,Up 1% p.a.,F,Female,mortality,SBAPC,2030,484.48159819129484,408.7690491801973,573.6434921584148,credible
Projected,up1pc,Up 1% p.a.,F,Female,mortality,SBAPC,2031,492.63556771470877,413.7050755759984,586.238147703379,credible
Projected,up1pc,Up 1% p.a.,F,Female,mortality,SBAPC,2032,500.85492968427354,418.49793034575185,599.2277634145669,credible
Projected,up1pc,Up 1% p.a.,F,Female,mortality,SBAPC,2033,508.8393385631635,422.91017092869976,612.2221542445649,caution
Projected,up1pc,Up 1% p.a.,F,Female,mortality,SBAPC,2034,516.1557295894593,426.61159132735213,624.6480628723479,caution
Projected,up1pc,Up 1% p.a.,F,Female,mortality,SBAPC,2035,522.7525896538122,429.6000813156404,636.3738356328288,caution
Projected,up1pc,Up 1% p.a.,F,Female,mortality,SBAPC,2036,529.2922140131633,432.4277219397628,648.196721497943,caution
Projected,up1pc,Up 1% p.a.,F,Female,mortality,SBAPC,2037,535.8531833938525,435.1848755396268,660.1829393385292,caution
Projected,up1pc,Up 1% p.a.,F,Female,mortality,SBAPC,2038,542.6028874220854,438.0353812810322,672.5135336626741,caution
Projected,up1pc,Up 1% p.a.,F,Female,mortality,SBAPC,2039,550.1037771336439,441.4261107837973,685.9230701302645,caution
Projected,up1pc,Up 1% p.a.,F,Female,mortality,SBAPC,2040,558.6323952641479,445.5672041288714,700.8002413150158,caution
Projected,up1pc,Up 1% p.a.,F,Female,mortality,SBAPC,2041,568.2420054074028,450.48511383883164,717.2564029621531,caution
Projected,up1pc,Up 1% p.a.,F,Female,mortality,SBAPC,2042,578.7303242185003,455.9886185565768,735.1053572973836,caution
Projected,up1pc,Up 1% p.a.,F,Female,mortality,SBAPC,2043,589.7192186609401,461.7626657355678,753.8911486727169,risky
Projected,up1pc,Up 1% p.a.,F,Female,mortality,SBAPC,2044,600.7463867274772,467.44471152924126,773.0003991611857,risky
Projected,up1pc,Up 1% p.a.,F,Female,mortality,SBAPC,2045,610.8941516968549,472.35384807182606,791.1837741739761,risky
Projected,up1pc,Up 1% p.a.,F,Female,mortality,SBAPC,2046,619.9068797790163,476.336279541746,808.0304387243332,risky
Projected,up1pc,Up 1% p.a.,F,Female,mortality,SBAPC,2047,628.3010293849445,479.8368452518293,824.0977056110836,risky
Projected,up1pc,Up 1% p.a.,F,Female,mortality,SBAPC,2048,636.3236651467687,483.0791321898388,839.6353839237365,risky
Projected,freeze,Frozen at 2022,M,Male,mortality,SBAPC,2022,876.7743098558224,802.0083947015607,954.1212306715307,historical
Projected,freeze,Frozen at 2022,M,Male,mortality,SBAPC,2023,872.1640854434946,796.694124534839,952.4464008212179,credible
Projected,freeze,Frozen at 2022,M,Male,mortality,SBAPC,2024,870.5481471521239,792.7581412395754,953.7081383399433,credible
Projected,freeze,Frozen at 2022,M,Male,mortality,SBAPC,2025,862.2704715321528,782.6437937852455,947.774945266182,credible
Projected,freeze,Frozen at 2022,M,Male,mortality,SBAPC,2026,853.0553181589324,771.4116249217866,941.1232193900668,credible
Projected,freeze,Frozen at 2022,M,Male,mortality,SBAPC,2027,843.6298656780173,759.7428414069809,934.5208124004808,credible
Projected,freeze,Frozen at 2022,M,Male,mortality,SBAPC,2028,835.0748018400639,748.5844281639169,929.2034197006194,credible
Projected,freeze,Frozen at 2022,M,Male,mortality,SBAPC,2029,826.8927808699267,737.5240135556486,924.582517709391,credible
Projected,freeze,Frozen at 2022,M,Male,mortality,SBAPC,2030,818.730221417957,726.3151905964968,920.1832702297759,credible
Projected,freeze,Frozen at 2022,M,Male,mortality,SBAPC,2031,811.0170456885648,715.3740387336894,916.460060668916,caution
Projected,freeze,Frozen at 2022,M,Male,mortality,SBAPC,2032,804.2637003902081,705.1526533922612,914.0079039739895,caution
Projected,freeze,Frozen at 2022,M,Male,mortality,SBAPC,2033,798.3403718557147,695.5836781198861,912.6346129275454,caution
Projected,freeze,Frozen at 2022,M,Male,mortality,SBAPC,2034,792.5919538163389,686.1536543091983,911.5290334180684,caution
Projected,freeze,Frozen at 2022,M,Male,mortality,SBAPC,2035,787.0352531204526,676.9138234058449,910.6697050488813,caution
Projected,freeze,Frozen at 2022,M,Male,mortality,SBAPC,2036,782.2952839151541,668.4107598426315,910.7777565397297,caution
Projected,freeze,Frozen at 2022,M,Male,mortality,SBAPC,2037,778.577378207945,660.8235623040912,912.0918457023251,caution
Projected,freeze,Frozen at 2022,M,Male,mortality,SBAPC,2038,775.565727602684,653.9084277907847,914.2038845437846,caution
Projected,freeze,Frozen at 2022,M,Male,mortality,SBAPC,2039,773.2556725988164,647.6735700277712,917.094225802677,caution
Projected,freeze,Frozen at 2022,M,Male,mortality,SBAPC,2040,771.7718840770021,642.2275730884,920.9105514682254,risky
Projected,freeze,Frozen at 2022,M,Male,mortality,SBAPC,2041,770.9406501916301,637.4268997917529,925.4522738488472,risky
Projected,freeze,Frozen at 2022,M,Male,mortality,SBAPC,2042,770.5861160353095,633.1283964927321,930.5127700644452,risky
Projected,freeze,Frozen at 2022,M,Male,mortality,SBAPC,2043,770.8929313896731,629.4852680502718,936.319077449472,risky
Projected,freeze,Frozen at 2022,M,Male,mortality,SBAPC,2044,771.5587938096486,626.2584609166616,942.4959220223657,risky
Projected,freeze,Frozen at 2022,M,Male,mortality,SBAPC,2045,772.122012777302,623.0943920446318,948.4295428841417,risky
Projected,freeze,Frozen at 2022,M,Male,mortality,SBAPC,2046,773.0131582890151,620.3417951398426,954.6377666573487,risky
Projected,freeze,Frozen at 2022,M,Male,mortality,SBAPC,2047,774.4861277315374,618.1952913617281,961.447056055771,risky
Projected,freeze,Frozen at 2022,M,Male,mortality,SBAPC,2048,776.4397152488817,616.5644805775802,968.7332222011197,risky
Projected,freeze,Frozen at 2022,F,Female,mortality,SBAPC,2022,409.9111873751078,356.28570582105675,467.7310455569278,historical
Projected,freeze,Frozen at 2022,F,Female,mortality,SBAPC,2023,422.65071974797064,366.8492494813498,485.5394051855314,credible
Projected,freeze,Frozen at 2022,F,Female,mortality,SBAPC,2024,436.46795935935035,377.1807774769447,503.81471266729005,credible
Projected,freeze,Frozen at 2022,F,Female,mortality,SBAPC,2025,444.7618143079189,382.8440204821292,515.5399593590438,credible
Projected,freeze,Frozen at 2022,F,Female,mortality,SBAPC,2026,451.62936941143664,387.289359577841,525.59663228069,credible
Projected,freeze,Frozen at 2022,F,Female,mortality,SBAPC,2027,457.9022570124655,391.20546721764674,534.9988332785672,credible
Projected,freeze,Frozen at 2022,F,Female,mortality,SBAPC,2028,464.516558788651,395.30826643346273,544.9787588109082,credible
Projected,freeze,Frozen at 2022,F,Female,mortality,SBAPC,2029,471.05721202136857,399.2271518345197,555.086821735869,credible
Projected,freeze,Frozen at 2022,F,Female,mortality,SBAPC,2030,477.4651218397637,402.89992943911636,565.2731653469584,credible
Projected,freeze,Frozen at 2022,F,Female,mortality,SBAPC,2031,483.92920049323897,406.4587582665037,575.7972176880528,credible
Projected,freeze,Frozen at 2022,F,Female,mortality,SBAPC,2032,490.31306547189786,409.7697151916016,586.5167057962083,credible
Projected,freeze,Frozen at 2022,F,Female,mortality,SBAPC,2033,496.31919725807467,412.59928437448616,597.0426178640386,caution
Projected,freeze,Frozen at 2022,F,Female,mortality,SBAPC,2034,501.50173462889023,414.6103810260762,606.7804419286023,caution
Projected,freeze,Frozen at 2022,F,Female,mortality,SBAPC,2035,505.82684331569834,415.8174070673951,615.6168625376033,caution
Projected,freeze,Frozen at 2022,F,Female,mortality,SBAPC,2036,509.94684689876584,416.7663841670234,624.3333219822938,caution
Projected,freeze,Frozen at 2022,F,Female,mortality,SBAPC,2037,513.9319585283257,417.54269557322374,632.9821867875867,caution
Projected,freeze,Frozen at 2022,F,Female,mortality,SBAPC,2038,517.9453310451105,418.30795670383475,641.7362585472372,caution
Projected,freeze,Frozen at 2022,F,Female,mortality,SBAPC,2039,522.5297525481037,419.495128611052,651.3010663066394,caution
Projected,freeze,Frozen at 2022,F,Female,mortality,SBAPC,2040,527.947950406099,421.3056424115351,662.0424846626765,caution
Projected,freeze,Frozen at 2022,F,Female,mortality,SBAPC,2041,534.2844201230987,423.7924648289948,674.1068929546547,caution
Projected,freeze,Frozen at 2022,F,Female,mortality,SBAPC,2042,541.3140071798093,426.7496497460854,687.2714547044181,caution
Projected,freeze,Frozen at 2022,F,Female,mortality,SBAPC,2043,548.5385527784518,429.7738967455605,700.9153289443451,risky
Projected,freeze,Frozen at 2022,F,Female,mortality,SBAPC,2044,555.6941954469336,432.65621758469814,714.6826815245415,risky
Projected,freeze,Frozen at 2022,F,Female,mortality,SBAPC,2045,561.9671015993724,434.7942991181277,727.4616356487122,risky
Projected,freeze,Frozen at 2022,F,Female,mortality,SBAPC,2046,566.8520972560123,435.8445639132418,738.5101979248201,risky
Projected,freeze,Frozen at 2022,F,Female,mortality,SBAPC,2047,570.9512014801902,436.31486941914113,748.5031163687147,risky
Projected,freeze,Frozen at 2022,F,Female,mortality,SBAPC,2048,574.6408442801179,436.5235591454816,757.8686623764736,risky
Projected,down1pc,Down 1% p.a.,M,Male,mortality,SBAPC,2022,876.7743098558224,802.0083947015607,954.1212306715307,historical
Projected,down1pc,Down 1% p.a.,M,Male,mortality,SBAPC,2023,872.0889678923825,796.6264432497478,952.3630550308114,credible
Projected,down1pc,Down 1% p.a.,M,Male,mortality,SBAPC,2024,870.0124783092712,792.2742157055906,953.1159087018518,credible
Projected,down1pc,Down 1% p.a.,M,Male,mortality,SBAPC,2025,860.7974251989472,781.3151293832342,946.1442855927559,credible
Projected,down1pc,Down 1% p.a.,M,Male,mortality,SBAPC,2026,850.3055490688101,768.939231930398,938.0699670871892,credible
Projected,down1pc,Down 1% p.a.,M,Male,mortality,SBAPC,2027,839.269766739765,755.8376660535607,929.6614335024556,credible
Projected,down1pc,Down 1% p.a.,M,Male,mortality,SBAPC,2028,828.7848581817682,742.9755249705495,922.1634808485721,credible
Projected,down1pc,Down 1% p.a.,M,Male,mortality,SBAPC,2029,818.390219982102,729.9790079333674,915.0216309857267,credible
Projected,down1pc,Down 1% p.a.,M,Male,mortality,SBAPC,2030,807.7853243279774,716.6540571294544,907.8142311319308,credible
Projected,down1pc,Down 1% p.a.,M,Male,mortality,SBAPC,2031,797.4171535054646,703.4364562700868,901.0091096519056,caution
Projected,down1pc,Down 1% p.a.,M,Male,mortality,SBAPC,2032,787.802354146779,690.78842269536,895.2021928859945,caution
Projected,down1pc,Down 1% p.a.,M,Male,mortality,SBAPC,2033,778.8122313262622,678.6473176445801,890.1974154071628,caution
Projected,down1pc,Down 1% p.a.,M,Male,mortality,SBAPC,2034,769.832016304113,666.5377281685627,885.2253613529653,caution
Projected,down1pc,Down 1% p.a.,M,Male,mortality,SBAPC,2035,760.9282840446273,654.5555803502742,880.3190868951575,caution
Projected,down1pc,Down 1% p.a.,M,Male,mortality,SBAPC,2036,752.7176836691647,643.2415560767267,876.1874311844427,caution
Projected,down1pc,Down 1% p.a.,M,Male,mortality,SBAPC,2037,745.3853204018093,632.7592603305186,873.0420403310933,caution
Projected,down1pc,Down 1% p.a.,M,Male,mortality,SBAPC,2038,738.6226070023032,622.8713759996384,870.4820664824744,caution
Projected,down1pc,Down 1% p.a.,M,Male,mortality,SBAPC,2039,732.425427886,613.586803473307,868.4871219128962,caution
Projected,down1pc,Down 1% p.a.,M,Male,mortality,SBAPC,2040,726.9174230326,605.0133567580581,867.2021894944893,risky
Projected,down1pc,Down 1% p.a.,M,Male,mortality,SBAPC,2041,721.9306408773534,597.0121209692337,866.4322237412033,risky
Projected,down1pc,Down 1% p.a.,M,Male,mortality,SBAPC,2042,717.2992237631381,589.447969999964,865.9812520208915,risky
Projected,down1pc,Down 1% p.a.,M,Male,mortality,SBAPC,2043,713.1984289850432,582.4657927624047,866.0640920948522,risky
Projected,down1pc,Down 1% p.a.,M,Male,mortality,SBAPC,2044,709.3374027180674,575.834804770163,866.3190774991588,risky
Projected,down1pc,Down 1% p.a.,M,Male,mortality,SBAPC,2045,705.3019674421073,569.2376527759167,866.1936152673071,risky
Projected,down1pc,Down 1% p.a.,M,Male,mortality,SBAPC,2046,701.5148466645591,563.0142778025655,866.1990584557309,risky
Projected,down1pc,Down 1% p.a.,M,Male,mortality,SBAPC,2047,698.1902933098779,557.3267175471772,866.6125133484833,risky
Projected,down1pc,Down 1% p.a.,M,Male,mortality,SBAPC,2048,695.2329712414279,552.0884157344597,867.3181174923305,risky
Projected,down1pc,Down 1% p.a.,F,Female,mortality,SBAPC,2022,409.9111873751078,356.28570582105675,467.7310455569278,historical
Projected,down1pc,Down 1% p.a.,F,Female,mortality,SBAPC,2023,422.57339565188636,366.7828571530805,485.44983106236333,credible
Projected,down1pc,Down 1% p.a.,F,Female,mortality,SBAPC,2024,436.11145125996774,376.8750919742277,503.4007486805074,credible
Projected,down1pc,Down 1% p.a.,F,Female,mortality,SBAPC,2025,443.9159555520059,382.1209519131029,514.554147404307,credible
Projected,down1pc,Down 1% p.a.,F,Female,mortality,SBAPC,2026,450.1229613670669,386.00626013079125,523.8340081832062,credible
Projected,down1pc,Down 1% p.a.,F,Female,mortality,SBAPC,2027,455.5618400211258,389.21958087362196,532.2490925431401,credible
Projected,down1pc,Down 1% p.a.,F,Female,mortality,SBAPC,2028,461.17186338025067,392.4816164524156,541.0322041189556,credible
Projected,down1pc,Down 1% p.a.,F,Female,mortality,SBAPC,2029,466.55826875720396,395.44135417710356,549.7539734288164,credible
Projected,down1pc,Down 1% p.a.,F,Female,mortality,SBAPC,2030,471.6749624890264,398.05027572138636,558.3757863588413,credible
Projected,down1pc,Down 1% p.a.,F,Female,mortality,SBAPC,2031,476.70883648481947,400.4419871148654,567.1497718209725,credible
Projected,down1pc,Down 1% p.a.,F,Female,mortality,SBAPC,2032,481.54675727274946,402.50301733225876,575.9599355136661,credible
Projected,down1pc,Down 1% p.a.,F,Female,mortality,SBAPC,2033,485.8870806457077,403.99831012329645,584.4095131803456,caution
Projected,down1pc,Down 1% p.a.,F,Female,mortality,SBAPC,2034,489.28654770843275,404.5956403611069,591.9029357998124,caution
Projected,down1pc,Down 1% p.a.,F,Female,mortality,SBAPC,2035,491.73245354759877,404.3283422836449,598.3500947800603,caution
Projected,down1pc,Down 1% p.a.,F,Female,mortality,SBAPC,2036,493.87412866886706,403.74144848422725,604.5262207418418,caution
Projected,down1pc,Down 1% p.a.,F,Female,mortality,SBAPC,2037,495.7776878219032,402.918197457791,610.4762164850983,caution
Projected,down1pc,Down 1% p.a.,F,Female,mortality,SBAPC,2038,497.60402501812314,402.0190839881332,616.3680913480512,caution
Projected,down1pc,Down 1% p.a.,F,Female,mortality,SBAPC,2039,499.97028293870096,401.5352802710086,623.0017917500155,caution
Projected,down1pc,Down 1% p.a.,F,Female,mortality,SBAPC,2040,503.07203905607906,401.6170855545296,630.6532720145626,caution
Projected,down1pc,Down 1% p.a.,F,Female,mortality,SBAPC,2041,506.88745086197133,402.2371227882495,639.3261967750639,caution
Projected,down1pc,Down 1% p.a.,F,Female,mortality,SBAPC,2042,511.24692096001525,403.2344902675035,648.8650464600373,caution
Projected,down1pc,Down 1% p.a.,F,Female,mortality,SBAPC,2043,515.6945711570783,404.2402801475112,658.7001965341536,risky
Projected,down1pc,Down 1% p.a.,F,Female,mortality,SBAPC,2044,519.9878852021384,405.06302360193314,668.5015931349511,risky
Projected,down1pc,Down 1% p.a.,F,Female,mortality,SBAPC,2045,523.3368959486074,405.11833910110624,677.1887232660931,risky
Projected,down1pc,Down 1% p.a.,F,Female,mortality,SBAPC,2046,525.2517772853329,404.0729983481616,684.0420098178615,risky
Projected,down1pc,Down 1% p.a.,F,Female,mortality,SBAPC,2047,526.3259595682642,402.4260617235136,689.7293419820576,risky
Projected,down1pc,Down 1% p.a.,F,Female,mortality,SBAPC,2048,526.9371050732361,400.4952493637509,694.6829506560472,risky
Projected,quit,Quit,M,Male,mortality,SBAPC,2022,876.7743098558224,802.0083947015607,954.1212306715307,historical
Projected,quit,Quit,M,Male,mortality,SBAPC,2023,872.0826453160465,796.621114049295,952.3555435963071,credible
Projected,quit,Quit,M,Male,mortality,SBAPC,2024,839.2718083767143,764.3476646198603,919.3546424950075,credible
Projected,quit,Quit,M,Male,mortality,SBAPC,2025,783.8766289953934,711.6355265735554,861.4237982260859,credible
Projected,quit,Quit,M,Male,mortality,SBAPC,2026,741.091431716675,670.369317067314,817.341280473425,credible
Projected,quit,Quit,M,Male,mortality,SBAPC,2027,697.7430233766737,628.6378847831825,772.5671529423822,credible
Projected,quit,Quit,M,Male,mortality,SBAPC,2028,656.2534390136549,588.6384503297232,729.7720397391532,credible
Projected,quit,Quit,M,Male,mortality,SBAPC,2029,618.675921406581,552.2323788786844,691.2221801480893,credible
Projected,quit,Quit,M,Male,mortality,SBAPC,2030,586.04874901221865,520.3778578216209,658.042693687167,credible
Projected,quit,Quit,M,Male,mortality,SBAPC,2031,554.7844384958316,489.89402638080156,626.2074864008007,caution
Projected,quit,Quit,M,Male,mortality,SBAPC,2032,524.8428134031128,460.7498955648612,595.6784771438631,caution
Projected,quit,Quit,M,Male,mortality,SBAPC,2033,495.65934892217246,432.4876479432683,565.7736368452223,caution
Projected,quit,Quit,M,Male,mortality,SBAPC,2034,470.4439594621857,407.9165627682532,540.1478310947576,caution
Projected,quit,Quit,M,Male,mortality,SBAPC,2035,449.81609072776416,387.5373230099719,519.555688946166,caution
Projected,quit,Quit,M,Male,mortality,SBAPC,2036,430.93498837143744,368.8596360665755,500.77143838353777,caution
Projected,quit,Quit,M,Male,mortality,SBAPC,2037,413.37099660993084,351.50396519212546,483.3081177582264,caution
Projected,quit,Quit,M,Male,mortality,SBAPC,2038,396.45342787908965,334.9038097612226,466.36770212119563,caution
Projected,quit,Quit,M,Male,mortality,SBAPC,2039,381.23933065653233,319.9417854612179,451.20346431651643,caution
Projected,quit,Quit,M,Male,mortality,SBAPC,2040,367.8750913245466,306.71150194900684,438.0284053872551,risky
Projected,quit,Quit,M,Male,mortality,SBAPC,2041,355.1508598975156,294.187310806517,425.4244196953525,risky
Projected,quit,Quit,M,Male,mortality,SBAPC,2042,342.8353790016367,282.1708526952346,413.12408778935844,risky
Projected,quit,Quit,M,Male,mortality,SBAPC,2043,330.87745887901696,270.6127756303722,401.07530383938473,risky
Projected,quit,Quit,M,Male,mortality,SBAPC,2044,320.64749312141953,260.62217171170795,390.95257587086854,risky
Projected,quit,Quit,M,Male,mortality,SBAPC,2045,312.20428879524957,252.23054652211565,382.83779425394357,risky
Projected,quit,Quit,M,Male,mortality,SBAPC,2046,304.41974311378726,244.502154247023,375.37706932894076,risky
Projected,quit,Quit,M,Male,mortality,SBAPC,2047,297.15559869877137,237.3129092354518,368.41639521094453,risky
Projected,quit,Quit,M,Male,mortality,SBAPC,2048,290.1636791626367,230.4531628953137,361.657834493619,risky
Projected,quit,Quit,F,Female,mortality,SBAPC,2022,409.9111873751078,356.28570582105675,467.7310455569278,historical
Projected,quit,Quit,F,Female,mortality,SBAPC,2023,422.4553822723676,366.6811144181062,485.3136017881522,credible
Projected,quit,Quit,F,Female,mortality,SBAPC,2024,424.162628149586,366.57896300689777,489.5708926558737,credible
Projected,quit,Quit,F,Female,mortality,SBAPC,2025,413.5326939840514,356.0299352576904,479.2576286030585,credible
Projected,quit,Quit,F,Female,mortality,SBAPC,2026,405.4802920730149,347.8185282068233,471.75899839952206,credible
Projected,quit,Quit,F,Female,mortality,SBAPC,2027,396.0209222306944,338.4920323671296,462.4993940892227,credible
Projected,quit,Quit,F,Female,mortality,SBAPC,2028,386.6449171875879,329.2570074303283,453.3311397746506,credible
Projected,quit,Quit,F,Female,mortality,SBAPC,2029,378.24702933723955,320.8517708058741,445.34663284193783,credible
Projected,quit,Quit,F,Female,mortality,SBAPC,2030,371.47981467005945,313.8162516705926,439.3330222292523,credible
Projected,quit,Quit,F,Female,mortality,SBAPC,2031,364.79867670055427,306.82114406473613,433.49459467417927,credible
Projected,quit,Quit,F,Female,mortality,SBAPC,2032,357.94243676770037,299.63604604056053,427.5282872377798,credible
Projected,quit,Quit,F,Female,mortality,SBAPC,2033,350.47928121228404,291.9186056418202,420.8807082512877,caution
Projected,quit,Quit,F,Female,mortality,SBAPC,2034,343.77418184472276,284.82958738220447,415.1469331534791,caution
Projected,quit,Quit,F,Female,mortality,SBAPC,2035,338.2373804715534,278.72501034419525,410.7906909097816,caution
Projected,quit,Quit,F,Female,mortality,SBAPC,2036,332.9866734249334,272.86928267252017,406.755466584061,caution
Projected,quit,Quit,F,Female,mortality,SBAPC,2037,327.7901221981757,267.09135412268597,402.73418480127725,caution
Projected,quit,Quit,F,Female,mortality,SBAPC,2038,322.52542294614375,261.31027429320767,398.55716703662785,caution
Projected,quit,Quit,F,Female,mortality,SBAPC,2039,318.1183501632401,256.2650726971869,395.39947436629024,caution
Projected,quit,Quit,F,Female,mortality,SBAPC,2040,314.7710338870149,252.10195891696083,393.55321098152655,caution
Projected,quit,Quit,F,Female,mortality,SBAPC,2041,311.98510650613326,248.41115547683236,392.4207287753808,caution
Projected,quit,Quit,F,Female,mortality,SBAPC,2042,309.52823647747937,244.98860207404667,391.7489154719204,caution
Projected,quit,Quit,F,Female,mortality,SBAPC,2043,307.04482705532394,241.5460095532772,391.0914820160271,risky
Projected,quit,Quit,F,Female,mortality,SBAPC,2044,305.1847815082119,238.58569466583472,391.2711313942883,risky
Projected,quit,Quit,F,Female,mortality,SBAPC,2045,303.4913976253869,235.76359308431802,391.67053635179633,risky
Projected,quit,Quit,F,Female,mortality,SBAPC,2046,301.00320863260583,232.3585035972836,390.9999524601976,risky
Projected,quit,Quit,F,Female,mortality,SBAPC,2047,298.1026210877912,228.68939959581502,389.692710569023,risky
Projected,quit,Quit,F,Female,mortality,SBAPC,2048,294.9150438880452,224.8674519714952,387.8777492491859,risky
